order_id,order_date,customer_name,customer_email,product_id,price,quantity,total
1,2023-01-17 19:23:38.422988,Jeffrey Horton,owilliams@example.org,9,33,3,99
2,2023-01-26 12:00:47.903078,Kathleen Solomon,stephen94@example.net,10,447,3,1341
3,2023-01-11 05:24:29.426910,April Estrada,andrewslauren@example.com,4,409,7,2863
4,2023-01-13 09:08:19.651204,Michael Hansen,sherry25@example.net,15,117,8,936
5,2023-01-19 18:26:47.871434,Leslie Gregory,stephanie36@example.com,14,445,9,4005
6,2023-01-10 22:46:52.242588,Stephanie Woodward,donaldsonamber@example.net,13,408,7,2856
7,2023-01-24 17:33:39.583239,Robert Price,laurieturner@example.net,2,326,8,2608
8,2023-01-21 20:03:36.820882,Robin Gordon,mathisrenee@example.com,8,272,4,1088
9,2023-01-16 07:11:08.297384,Roy Dunn,gail56@example.com,5,398,9,3582
10,2023-01-08 18:07:33.765617,Brandy Sims,njones@example.org,16,466,4,1864
11,2023-01-05 06:52:19.862443,Jason Stone,millsdavid@example.org,5,398,5,1990
12,2023-01-07 06:00:01.856991,Natalie Moore,hamiltonbrooke@example.org,8,272,6,1632
13,2023-01-14 08:58:32.642372,Ryan Davis,stacie93@example.org,3,438,4,1752
14,2023-01-18 08:03:25.116016,Teresa Hurst,ecole@example.org,14,445,8,3560
15,2023-01-08 20:55:22.878135,Stephanie Mitchell,wagnercassandra@example.net,6,305,7,2135
16,2023-01-10 11:39:41.242571,Jordan Walker,vbender@example.net,10,447,2,894
17,2023-01-09 17:17:27.042240,Colton Hawkins,michellecraig@example.com,6,305,2,610
18,2023-01-19 10:29:33.879521,Audrey Bradley,donna98@example.com,3,438,8,3504
19,2023-01-09 23:33:06.587161,Lisa Webb,hdavis@example.org,17,123,4,492
20,2023-01-07 09:06:21.445623,Daniel Grimes,smiller@example.org,6,305,8,2440
21,2023-01-01 09:35:16.193571,Teresa Brady,sgross@example.com,5,398,1,398
22,2023-01-12 10:27:50.956003,Tara Taylor,danielhamilton@example.com,7,98,7,686
23,2023-01-11 00:33:38.084815,Tina Garcia,markcuevas@example.com,19,411,2,822
24,2023-01-07 14:53:51.633636,Jose Mcclure,edwardslisa@example.net,10,447,6,2682
25,2023-01-17 09:54:37.764997,Peggy Allen,reyesmatthew@example.net,14,445,1,445
26,2023-01-25 21:59:44.075387,Heather Hayes,lawsonjonathan@example.net,12,95,6,570
27,2023-01-14 22:32:17.103895,Susan Murphy,elizabeth19@example.org,2,326,3,978
28,2023-01-29 22:47:47.412170,Jennifer Miller,christensenlaurie@example.org,6,305,7,2135
29,2023-01-14 01:02:29.286013,Michelle Ball,richard35@example.net,9,33,8,264
30,2023-01-15 00:01:40.800797,Bridget Gill,qwilliams@example.com,5,398,6,2388
31,2023-01-09 16:13:39.558489,Mr. Eric Cook,hurleymichael@example.org,12,95,2,190
32,2023-01-14 22:49:44.160889,Mrs. Caitlin Ramos MD,fletchersarah@example.com,3,438,4,1752
33,2023-01-07 09:45:46.960016,Erin Alvarez,rangelvalerie@example.org,9,33,9,297
34,2023-01-11 06:41:42.900904,Tiffany Snyder,bpatterson@example.org,1,44,8,352
35,2023-01-05 22:25:29.624451,Terry King,matthew75@example.net,14,445,4,1780
36,2023-01-16 16:54:43.064868,Leslie Bauer,tperez@example.org,6,305,9,2745
37,2023-01-24 00:42:11.016367,Lisa Miller,brittany02@example.com,7,98,9,882
38,2023-01-07 16:10:12.329987,Phillip Moore,ccompton@example.net,4,409,8,3272
39,2023-01-15 04:26:55.540544,Renee Fernandez,kelseykirby@example.org,12,95,9,855
40,2023-01-12 16:18:30.508448,Jennifer Sawyer,curtisterry@example.com,4,409,6,2454
41,2023-01-13 01:04:21.671004,Barbara Porter,millermichelle@example.org,16,466,8,3728
42,2023-01-26 09:45:23.579259,Natalie Frey,vbaker@example.net,10,447,9,4023
43,2023-01-25 04:33:20.937744,Matthew Kelly,traci89@example.com,13,408,4,1632
44,2023-01-01 09:54:24.536837,Michael Richard,deleonmorgan@example.org,3,438,7,3066
45,2023-01-14 01:40:32.120142,Cynthia Vega,wcohen@example.com,16,466,7,3262
46,2023-01-03 17:45:05.916352,Stephen Phillips,michaelburton@example.net,14,445,5,2225
47,2023-01-06 04:36:28.442741,Colton Ho,juliewright@example.org,11,33,1,33
48,2023-01-04 01:04:04.832598,Ashley Lee,lesliepratt@example.net,11,33,8,264
49,2023-01-03 09:54:49.618841,Mrs. Deborah Williams,wreeves@example.com,14,445,2,890
50,2023-01-07 19:27:48.701988,Victor Wilson,ydaniel@example.com,20,351,9,3159
51,2023-01-25 18:20:23.135071,Alejandro Perez,chunter@example.net,7,98,8,784
52,2023-01-04 20:43:49.590621,Margaret Stout,blackdavid@example.org,4,409,6,2454
53,2023-01-07 10:43:41.003874,Stephanie White,wwilliams@example.net,8,272,2,544
54,2023-01-09 07:14:11.936739,Joseph Walker,maria11@example.net,12,95,2,190
55,2023-01-05 22:35:13.861251,Trevor Martin,alloyd@example.com,9,33,4,132
56,2023-01-05 18:45:08.579831,Ernest Mendoza,cruzjulie@example.com,4,409,9,3681
57,2023-01-21 20:45:56.647664,Timothy Leblanc,lowekelly@example.org,12,95,4,380
58,2023-01-27 08:34:23.355191,David Smith,eric57@example.net,3,438,3,1314
59,2023-01-03 17:43:22.679142,George Adkins,aramos@example.org,5,398,1,398
60,2023-01-16 13:31:40.922100,Abigail Lambert,michael08@example.org,20,351,9,3159
61,2023-01-08 04:59:56.141130,Chase Wilson,wponce@example.com,16,466,1,466
62,2023-01-08 19:08:03.024754,Christina Green,francisco08@example.org,11,33,9,297
63,2023-01-03 09:44:08.037186,Jo Edwards,webersara@example.org,1,44,5,220
64,2023-01-02 06:38:38.882688,David Wright,lucastamara@example.org,9,33,9,297
65,2023-01-02 05:23:39.050235,Randy Black,gregorydavis@example.org,9,33,6,198
66,2023-01-28 16:07:03.413778,Marc Oconnor,teresa30@example.net,7,98,6,588
67,2023-01-10 11:15:20.503478,Paul Harrison,hgarcia@example.com,1,44,3,132
68,2023-01-22 03:53:36.688692,Tammy Sanchez,lauren59@example.net,3,438,2,876
69,2023-01-22 23:24:24.139375,James Ashley,parkskatherine@example.net,12,95,7,665
70,2023-01-21 19:35:43.838419,Lydia Gilbert,hheath@example.org,10,447,3,1341
71,2023-01-28 04:25:51.603138,Brittany Ramirez,johnsondaniel@example.org,5,398,2,796
72,2023-01-13 22:34:36.499788,Martin Mann,adamsmelinda@example.com,11,33,5,165
73,2023-01-19 11:35:28.710891,Amber Weaver,ryanhess@example.com,3,438,9,3942
74,2023-01-16 06:31:40.497455,Joseph Stanley,xmadden@example.net,19,411,7,2877
75,2023-01-08 18:12:46.264789,Carla Turner,juareztravis@example.com,13,408,7,2856
76,2023-01-21 17:32:25.055454,Brandy Coleman,jking@example.net,10,447,7,3129
77,2023-01-17 09:57:21.216702,Dr. Kelly Yoder MD,jamesdelgado@example.com,5,398,4,1592
78,2023-01-10 15:16:04.450379,Justin Spencer,andersonmargaret@example.org,4,409,1,409
79,2023-01-15 14:12:42.232151,Jessica Frazier,kfrancis@example.org,4,409,9,3681
80,2023-01-12 04:16:53.886967,Daniel Moyer,sferguson@example.org,6,305,7,2135
81,2023-01-13 12:45:42.836910,Robin Reyes,jessica05@example.com,10,447,1,447
82,2023-01-03 22:23:50.945900,Maria Miranda,vegajoann@example.net,20,351,6,2106
83,2023-01-19 01:54:38.844129,Jonathan Johnson,allenchristian@example.org,20,351,3,1053
84,2023-01-03 15:13:35.513037,Taylor Vega,crystalanderson@example.org,7,98,1,98
85,2023-01-13 01:10:51.455788,Paula Ramirez,alisonbraun@example.net,19,411,5,2055
86,2023-01-17 09:46:56.233107,Donald May,reyestara@example.org,7,98,3,294
87,2023-01-04 15:02:20.699642,Frank Mills,jchen@example.com,17,123,8,984
88,2023-01-14 09:27:20.938138,Glenn Murphy,kristen76@example.net,3,438,2,876
89,2023-01-14 19:13:24.121943,Stephen Ortiz,ericscott@example.net,18,73,6,438
90,2023-01-15 16:34:36.060896,Kelly Wolfe,davidmarshall@example.net,19,411,8,3288
91,2023-01-02 03:57:58.861327,James Porter,leroy26@example.net,19,411,7,2877
92,2023-01-05 05:54:06.653115,Shelley Mccann,hollandgerald@example.net,1,44,1,44
93,2023-01-11 16:14:01.710821,Carolyn Harris,aaronpeters@example.org,9,33,7,231
94,2023-01-12 23:31:49.645241,Leslie Williams,davidstevens@example.com,1,44,4,176
95,2023-01-15 11:53:01.182323,Valerie Brooks,garzanicole@example.org,6,305,1,305
96,2023-01-12 00:40:42.127307,Ryan Flores,jacobbrown@example.net,19,411,6,2466
97,2023-01-01 09:53:34.974575,Jessica Nelson,sleonard@example.com,20,351,3,1053
98,2023-01-14 00:58:35.061410,Daniel Gould,qavila@example.net,3,438,2,876
99,2023-01-11 04:13:51.083994,Andrew Curry,zserrano@example.net,18,73,7,511
100,2023-01-24 03:01:52.108861,Lonnie Singleton,ryantammy@example.com,19,411,1,411
101,2023-01-07 15:23:39.185041,Sabrina Burke,brownalejandro@example.net,7,98,6,588
102,2023-01-06 15:58:31.756596,Christine Hines,sullivanjustin@example.com,9,33,5,165
103,2023-01-27 12:42:52.425083,Karen Craig,carpenterdavid@example.org,2,326,6,1956
104,2023-01-22 02:29:40.053373,Jennifer Smith,vlittle@example.com,2,326,6,1956
105,2023-01-11 01:32:50.427251,Samuel Porter,omar35@example.org,15,117,2,234
106,2023-01-12 11:17:26.789404,Jennifer Dominguez,kimberlylopez@example.com,6,305,6,1830
107,2023-01-01 05:18:57.642108,Brandy Mccormick,joshuacook@example.org,3,438,8,3504
108,2023-01-16 04:00:50.468861,Rebecca Olson,mmoore@example.org,20,351,7,2457
109,2023-01-14 00:33:16.058386,Paul Lindsey,thomascastillo@example.org,1,44,3,132
110,2023-01-16 05:41:32.461496,Victoria Martinez,amyferguson@example.com,2,326,9,2934
111,2023-01-27 13:49:06.389973,Lisa Flores,wwong@example.org,6,305,8,2440
112,2023-01-11 20:09:21.636872,Rodney Cantu,tammy18@example.com,15,117,3,351
113,2023-01-22 21:31:54.067280,Roger Taylor,catherineanderson@example.net,8,272,9,2448
114,2023-01-13 00:13:43.228135,Justin Christian,michaelcalhoun@example.net,4,409,2,818
115,2023-01-05 08:15:36.442656,Christian Adams,karina95@example.net,15,117,8,936
116,2023-01-10 04:04:27.711741,Bobby Paul,mserrano@example.org,11,33,5,165
117,2023-01-12 00:41:53.189005,Kendra Butler,ryan16@example.org,10,447,9,4023
118,2023-01-04 20:53:58.190465,Linda Nelson,jamesgilbert@example.net,8,272,4,1088
119,2023-01-01 13:25:27.620877,Ashley Scott,cookcynthia@example.net,18,73,6,438
120,2023-01-15 12:51:25.971502,Erin Baldwin,smithmark@example.net,9,33,5,165
121,2023-01-18 22:13:38.469979,Ray Clayton,robertsonhector@example.org,10,447,6,2682
122,2023-01-04 15:09:52.416348,Richard Woodward,martin60@example.net,16,466,2,932
123,2023-01-24 20:20:08.294546,Zoe Williams,mcbridephilip@example.com,4,409,6,2454
124,2023-01-25 09:48:52.592735,Jeffrey Boyle,johnsoncheryl@example.net,10,447,4,1788
125,2023-01-27 08:11:33.812953,Linda Adams,heidi12@example.com,8,272,2,544
126,2023-01-01 03:16:16.113330,James Brown,aherrera@example.org,8,272,4,1088
127,2023-01-21 17:43:41.409023,James Alexander,bradley62@example.org,4,409,9,3681
128,2023-01-08 01:22:11.799769,Sara Ortega,brian21@example.com,4,409,1,409
129,2023-01-04 07:07:57.855797,Michael Price,markdrake@example.com,15,117,1,117
130,2023-01-23 11:22:17.067750,Charles Brown,nicholasmendez@example.net,14,445,4,1780
131,2023-01-19 12:10:42.451258,Haley Delgado,bjackson@example.com,2,326,6,1956
132,2023-01-15 19:05:30.038645,Phillip Terry,richard05@example.org,13,408,4,1632
133,2023-01-06 14:26:32.095691,Karen Snyder,ljohnson@example.com,15,117,7,819
134,2023-01-14 12:25:01.201140,Scott Carroll,morriscameron@example.com,16,466,4,1864
135,2023-01-16 18:04:53.063685,Ryan Allen,berrynicholas@example.org,18,73,2,146
136,2023-01-25 20:07:47.147081,James Johnson,littlecheryl@example.net,12,95,5,475
137,2023-01-02 08:35:18.612510,Melissa Anthony,umartinez@example.org,18,73,5,365
138,2023-01-01 00:35:33.265650,Jennifer Cook,jessica81@example.com,6,305,1,305
139,2023-01-25 14:13:31.272474,Susan James,schwartzmichael@example.net,6,305,8,2440
140,2023-01-15 11:19:19.820688,Kristin Cooke,michael37@example.net,16,466,2,932
141,2023-01-08 02:33:06.958182,William Wu,jamesramos@example.org,2,326,1,326
142,2023-01-16 16:15:35.358706,Adrian Lee,albertmullins@example.com,12,95,3,285
143,2023-01-09 01:17:04.760746,James Thompson,linbrett@example.net,9,33,2,66
144,2023-01-05 22:09:22.661171,Aaron Bates,john52@example.net,10,447,5,2235
145,2023-01-11 17:45:30.593817,Jeffrey Ramos,stevenbonilla@example.org,13,408,2,816
146,2023-01-17 04:31:51.164512,Nancy Sheppard,aaron53@example.org,7,98,4,392
147,2023-01-11 10:32:07.047074,Chad Espinoza,kristen31@example.org,4,409,2,818
148,2023-01-04 11:09:33.585451,Michael Haney,brianna00@example.net,10,447,7,3129
149,2023-01-24 22:11:35.327093,Jennifer Garcia,chelsea95@example.org,19,411,2,822
150,2023-01-21 12:00:03.896276,Cassidy Wang,william98@example.com,6,305,5,1525
151,2023-01-04 18:03:07.550758,Jacob Shepard,tina42@example.org,4,409,2,818
152,2023-01-14 09:04:57.784370,Cassandra Francis,rosschristopher@example.org,7,98,6,588
153,2023-01-09 13:31:22.023605,Lisa Hernandez,jessicaperez@example.net,7,98,2,196
154,2023-01-23 07:38:21.445296,Brandy Smith,reyestrevor@example.net,10,447,8,3576
155,2023-01-20 11:00:35.288651,Charles Rogers,phillipscassandra@example.com,14,445,7,3115
156,2023-01-28 00:23:46.283329,Ronald Johnson,eric42@example.com,14,445,2,890
157,2023-01-06 22:10:34.687779,Cheryl Phelps,fellis@example.com,20,351,8,2808
158,2023-01-06 21:46:45.656243,Nathan Davenport,ctran@example.com,1,44,8,352
159,2023-01-20 00:03:28.687409,Jessica Williams,gabriella41@example.net,19,411,9,3699
160,2023-01-18 06:11:23.146962,Sarah Miller,jonesmichael@example.net,17,123,6,738
161,2023-01-01 04:01:32.402093,Louis Taylor,daniel35@example.net,15,117,9,1053
162,2023-01-12 11:49:52.565530,Eric Hubbard,vickifinley@example.org,5,398,7,2786
163,2023-01-17 01:45:53.396956,Dwayne Tanner,spotts@example.org,7,98,5,490
164,2023-01-15 00:45:07.320822,Tracy Branch,markrichard@example.org,17,123,8,984
165,2023-01-12 14:26:35.494314,Juan Gibson,ctran@example.net,19,411,3,1233
166,2023-01-09 05:39:35.555525,Cody Dennis,bjohnson@example.org,12,95,6,570
167,2023-01-27 07:35:05.811686,Pamela Evans,christopher97@example.com,11,33,1,33
168,2023-01-29 05:41:44.715161,Nicholas Johnson,amber67@example.net,15,117,4,468
169,2023-01-16 15:18:06.751315,Andrew Johnson,lindsaymartin@example.org,6,305,3,915
170,2023-01-19 03:34:57.490860,Susan Hughes,fpage@example.net,17,123,2,246
171,2023-01-23 19:40:06.029106,Brian Garcia,james47@example.com,19,411,6,2466
172,2023-01-27 09:54:35.297776,Heather Velasquez,hollanddebra@example.org,17,123,6,738
173,2023-01-14 16:24:10.998107,Dr. Kristin Brown,collin10@example.org,11,33,6,198
174,2023-01-11 17:03:17.124915,Jose Walker,shelly75@example.com,20,351,4,1404
175,2023-01-21 23:55:15.994505,Lori Johnson,handerson@example.org,8,272,8,2176
176,2023-01-22 01:51:43.688598,Susan Ellis,rodriguezkatrina@example.com,3,438,1,438
177,2023-01-05 18:00:06.676236,Donna Schneider,michelle87@example.org,4,409,4,1636
178,2023-01-29 00:24:37.321928,Michael Martinez,anne39@example.org,7,98,2,196
179,2023-01-16 09:06:10.247310,Rachel Herrera,andersonbridget@example.org,7,98,9,882
180,2023-01-16 14:14:24.877802,Brian Boyd,clinton35@example.net,18,73,4,292
181,2023-01-12 11:58:22.278664,Kimberly Kim,dgriffin@example.com,16,466,6,2796
182,2023-01-05 20:38:34.005026,Crystal Morales,arthur48@example.org,8,272,2,544
183,2023-01-18 05:32:46.181445,Vanessa Stevens,ashleyhunt@example.net,1,44,2,88
184,2023-01-28 02:18:04.965311,David Ortiz,pattersonkaren@example.com,11,33,7,231
185,2023-01-24 23:54:35.024736,Erica Leonard,aaron88@example.com,9,33,8,264
186,2023-01-19 04:25:40.153426,Theresa Bartlett,adamjones@example.com,2,326,2,652
187,2023-01-21 16:17:09.186554,George Murphy,martinallen@example.net,12,95,9,855
188,2023-01-02 12:39:22.576168,Brian Vasquez,ysmith@example.net,4,409,3,1227
189,2023-01-29 13:08:46.065052,Robert Jenkins,andrew26@example.org,1,44,8,352
190,2023-01-23 04:21:13.165525,Rachel Jones,tamiwalters@example.org,9,33,7,231
191,2023-01-28 06:56:18.208223,Tina Rodriguez,gvalentine@example.net,15,117,6,702
192,2023-01-15 20:00:33.410197,Tiffany Freeman,lthompson@example.net,4,409,1,409
193,2023-01-27 06:38:13.707185,Nancy King,anna51@example.com,19,411,2,822
194,2023-01-19 11:17:51.260692,Teresa Floyd,castillokathryn@example.com,9,33,6,198
195,2023-01-19 03:11:33.845056,Brenda Shepherd,ffrazier@example.org,6,305,3,915
196,2023-01-17 07:15:09.614613,Wesley Todd,julia11@example.org,15,117,2,234
197,2023-01-23 11:28:47.117728,Jerry Porter,walsherik@example.org,1,44,6,264
198,2023-01-06 06:13:59.249864,Dr. Kimberly Gonzalez MD,matthewcarlson@example.net,9,33,4,132
199,2023-01-27 01:34:08.176085,Glenn Jones,kevinbishop@example.org,3,438,6,2628
200,2023-01-12 15:04:47.599011,Adrian Carson,amanda41@example.net,2,326,3,978
201,2023-01-15 16:06:27.499433,Shannon Lewis,waltonannette@example.com,19,411,7,2877
202,2023-01-23 11:42:36.446465,Jason Jones,istanley@example.net,8,272,8,2176
203,2023-01-26 12:08:59.055857,Mrs. Jennifer Burgess,pattersonbrittany@example.com,14,445,7,3115
204,2023-01-11 08:10:55.675739,Alan Myers,emily55@example.com,4,409,4,1636
205,2023-01-10 14:59:20.957983,Tina Webb,wmoore@example.net,6,305,1,305
206,2023-01-24 17:29:16.265779,Joseph King,victoria44@example.net,15,117,6,702
207,2023-01-23 01:57:06.608368,Paul Walker,upage@example.com,4,409,4,1636
208,2023-01-22 14:09:00.128464,Bryan Campbell,nhensley@example.org,14,445,7,3115
209,2023-01-08 19:51:16.410597,Veronica Wood,esparzagabriel@example.org,8,272,4,1088
210,2023-01-02 23:17:04.134100,Megan Austin,robert19@example.com,20,351,8,2808
211,2023-01-21 17:21:14.631221,Michael Osborne,hogankristina@example.com,20,351,9,3159
212,2023-01-27 23:09:40.407534,Elizabeth Smith,caitlinjames@example.net,16,466,9,4194
213,2023-01-26 04:36:00.352873,Brian Sanders,fmiles@example.com,6,305,9,2745
214,2023-01-26 06:28:41.986122,Paul Carr,osaunders@example.com,11,33,4,132
215,2023-01-29 19:41:40.191785,Alyssa Combs,gonzalezjesse@example.com,10,447,2,894
216,2023-01-24 14:02:13.937844,Hunter Cortez,shelbymoore@example.com,7,98,2,196
217,2023-01-14 12:42:40.282002,Matthew Sanchez,thomasbrown@example.org,19,411,4,1644
218,2023-01-01 16:14:05.815772,Andrew Contreras,arthur20@example.org,4,409,8,3272
219,2023-01-11 08:24:58.929958,Stephanie Jackson,enorton@example.net,15,117,9,1053
220,2023-01-22 09:56:36.622510,Clifford Scott,pamela56@example.com,18,73,6,438
221,2023-01-14 16:18:26.689183,Tina Robinson,blake68@example.org,5,398,7,2786
222,2023-01-18 03:46:05.319698,Scott Hobbs,jeremiahsanchez@example.com,19,411,1,411
223,2023-01-16 22:03:31.827256,Shirley Avery,cnewman@example.com,9,33,8,264
224,2023-01-09 12:25:48.718521,Edward Shannon,andrew21@example.com,1,44,2,88
225,2023-01-07 19:54:35.381961,John Jones,jonathan34@example.com,14,445,2,890
226,2023-01-18 15:26:40.514194,Matthew Pennington,clifford48@example.org,14,445,2,890
227,2023-01-03 01:36:58.303200,Melissa Crawford,tracijohnson@example.com,6,305,7,2135
228,2023-01-18 22:39:03.826205,Christopher Moore,wilsonwilliam@example.net,14,445,3,1335
229,2023-01-18 08:00:12.455780,Steven Alexander,cwalker@example.com,3,438,1,438
230,2023-01-17 03:50:32.308453,Shari Rivera,alicia26@example.net,8,272,9,2448
231,2023-01-11 03:24:45.882241,Cheryl Fowler,yalvarez@example.net,6,305,9,2745
232,2023-01-23 18:44:10.724492,Ana Ferguson,davidshaw@example.com,10,447,8,3576
233,2023-01-09 08:57:07.202557,Melissa Dixon,knoxcaleb@example.com,1,44,3,132
234,2023-01-21 18:47:15.186751,Lori Austin,garciajessica@example.org,3,438,6,2628
235,2023-01-12 08:44:28.566264,Adrian Schultz,nicholereyes@example.org,6,305,1,305
236,2023-01-04 04:07:17.334370,David Baker,kimberlystewart@example.org,5,398,6,2388
237,2023-01-29 21:09:15.012813,Blake Guerrero,djackson@example.org,10,447,6,2682
238,2023-01-27 21:09:31.473563,Joseph Reeves,erik95@example.org,4,409,7,2863
239,2023-01-10 13:35:09.103246,Stephen Cardenas,badams@example.org,14,445,2,890
240,2023-01-13 23:04:12.809089,Nicholas Brewer,turnermelissa@example.org,1,44,9,396
241,2023-01-22 20:30:00.292056,Brenda Costa,terrimann@example.com,18,73,6,438
242,2023-01-27 19:43:47.607124,Tracy Roberts,bradleycarey@example.net,1,44,1,44
243,2023-01-15 01:33:51.683126,Daniel James,milleromar@example.org,9,33,1,33
244,2023-01-21 14:57:16.169233,Jaime Spence,jessicahernandez@example.net,10,447,9,4023
245,2023-01-11 17:28:26.046222,Leah Mcdonald,williamsanne@example.net,19,411,3,1233
246,2023-01-12 09:31:07.104212,Angel Frazier,coxemily@example.net,11,33,6,198
247,2023-01-12 14:27:16.035739,Amanda Morgan,christina12@example.net,3,438,6,2628
248,2023-01-08 19:46:52.943209,Rebecca Mendoza,thomas60@example.org,10,447,8,3576
249,2023-01-17 07:59:44.253741,Heather Weber,longjames@example.com,16,466,2,932
250,2023-01-04 07:57:31.251547,Jordan Watkins PhD,vanessacarter@example.com,2,326,8,2608
251,2023-01-14 09:27:35.843614,Tony Harper,anitavaughan@example.com,14,445,9,4005
252,2023-01-25 07:18:33.731839,Peter Porter,dawsonjames@example.org,14,445,6,2670
253,2023-01-08 15:54:25.555521,Alisha Wood,burnsjason@example.org,19,411,9,3699
254,2023-01-08 23:08:22.756621,George Dalton,egreen@example.org,12,95,1,95
255,2023-01-02 16:41:39.725178,Mr. Andrew Patterson,matthewmills@example.com,4,409,6,2454
256,2023-01-27 11:58:10.959954,Terri Salas,davidmiller@example.net,1,44,6,264
257,2023-01-25 19:48:07.993263,Christina Rodriguez,jwhitehead@example.com,2,326,8,2608
258,2023-01-03 11:11:16.559246,Jane Webb,davismatthew@example.org,14,445,7,3115
259,2023-01-01 03:58:44.596251,Mrs. Nicole Brown,matthew19@example.org,3,438,4,1752
260,2023-01-05 02:29:17.925461,Ashley Herring,philipwyatt@example.net,4,409,1,409
261,2023-01-03 17:08:33.367217,Tanya Collins,larajeffrey@example.org,7,98,9,882
262,2023-01-20 13:40:01.406913,Thomas Mason,webbvalerie@example.net,17,123,6,738
263,2023-01-11 15:02:16.165061,Nicole Smith,pturner@example.net,13,408,5,2040
264,2023-01-19 01:00:05.354265,Erik Reid,sharon63@example.com,1,44,5,220
265,2023-01-29 22:35:33.358207,Matthew Rowe,meghan97@example.net,19,411,2,822
266,2023-01-25 07:16:21.948073,Matthew Poole,jamesjimenez@example.com,4,409,7,2863
267,2023-01-18 05:03:07.296694,Linda Miller,leeanita@example.com,7,98,8,784
268,2023-01-16 01:03:31.665516,Donna Powers,villanuevamichael@example.net,7,98,4,392
269,2023-01-22 22:37:47.465233,Craig Tran,nicholstiffany@example.org,20,351,6,2106
270,2023-01-01 18:05:26.285386,Stephen Brewer,breannareilly@example.org,5,398,2,796
271,2023-01-14 02:47:46.487408,Melanie Ramsey,petersoncarl@example.org,15,117,1,117
272,2023-01-14 16:02:51.643448,Nicole Garrison,victoriadecker@example.net,16,466,1,466
273,2023-01-25 00:22:57.684529,James Garcia,freyes@example.com,7,98,2,196
274,2023-01-22 01:08:31.074070,Kelly Rivera,tonyabuchanan@example.org,19,411,7,2877
275,2023-01-06 20:17:19.448679,Tammy Esparza,rwall@example.com,7,98,2,196
276,2023-01-09 01:02:00.362891,Andrew Webb,fletcherrichard@example.net,7,98,6,588
277,2023-01-05 23:45:20.108917,Gabriel George,bowens@example.com,13,408,5,2040
278,2023-01-20 21:14:04.675436,Roger Smith,devinwelch@example.net,2,326,1,326
279,2023-01-21 07:28:02.467990,Samantha Wells,erin82@example.org,8,272,6,1632
280,2023-01-25 05:04:22.084607,Hannah Walker,teresamaldonado@example.com,11,33,5,165
281,2023-01-12 20:14:07.914589,Adrian Gill,bobrien@example.net,15,117,8,936
282,2023-01-08 23:19:42.409892,Terry Smith PhD,jorge65@example.org,3,438,5,2190
283,2023-01-07 10:23:14.922326,Susan Lee,harpermadeline@example.org,3,438,1,438
284,2023-01-28 14:43:58.146034,Andrea Sanders,lgordon@example.com,14,445,4,1780
285,2023-01-24 08:17:47.251714,Heather Patton,gibbsadam@example.net,16,466,3,1398
286,2023-01-20 17:27:34.822658,Kimberly Valenzuela,cherylmaldonado@example.net,16,466,6,2796
287,2023-01-18 04:28:44.779581,Tracy Montes,erinlowe@example.com,3,438,9,3942
288,2023-01-04 03:55:39.032303,Steven Nguyen,davidmorales@example.com,16,466,7,3262
289,2023-01-18 04:58:36.287691,Jordan Weiss,zperry@example.com,7,98,5,490
290,2023-01-16 07:30:22.008984,Pamela Boyd,john10@example.org,8,272,8,2176
291,2023-01-08 08:28:19.035826,Scott Houston,darlene28@example.org,6,305,1,305
292,2023-01-02 13:51:20.586790,Michael Snyder,nathan81@example.com,7,98,7,686
293,2023-01-09 00:09:28.125856,Carl Hayes,jerryfowler@example.com,1,44,6,264
294,2023-01-29 10:26:18.350592,Jennifer Freeman,hollyrivers@example.net,5,398,7,2786
295,2023-01-22 07:23:51.313806,Lisa Bishop,reidvictor@example.org,8,272,9,2448
296,2023-01-18 22:54:39.402987,Sara Gardner,vaughanangel@example.net,9,33,5,165
297,2023-01-22 06:01:04.166838,Nathan Fox,lisavalenzuela@example.org,16,466,2,932
298,2023-01-04 06:44:53.753515,Amber Walker,byoung@example.net,10,447,3,1341
299,2023-01-08 14:34:06.677871,Taylor Thompson,dbright@example.com,10,447,3,1341
300,2023-01-16 06:06:17.857250,Susan Rogers,robin09@example.com,15,117,5,585
301,2023-01-24 01:20:05.809030,Theresa Peters,murphyjohn@example.org,5,398,2,796
302,2023-01-02 19:59:20.240548,Wesley Lee,hmiller@example.com,10,447,1,447
303,2023-01-01 15:11:11.027601,Diane Norton,thernandez@example.com,7,98,8,784
304,2023-01-19 23:52:31.098682,Levi Barker,qarnold@example.com,3,438,3,1314
305,2023-01-08 17:37:22.104553,Danielle Johnson,anthony66@example.org,3,438,1,438
306,2023-01-15 17:49:14.942708,Paul Burke,katherine43@example.org,11,33,3,99
307,2023-01-04 05:17:53.644748,Kelly Mcfarland,bradleymckinney@example.org,19,411,4,1644
308,2023-01-29 03:32:10.310205,Shelby Mayo,jessicabenton@example.net,3,438,5,2190
309,2023-01-18 23:36:19.303437,Keith Mendoza,smithnicole@example.com,11,33,7,231
310,2023-01-13 23:26:06.207106,Catherine Dudley,laurabell@example.net,17,123,3,369
311,2023-01-18 11:37:13.676971,James Bullock,karimcbride@example.net,3,438,2,876
312,2023-01-01 03:14:04.453191,Elizabeth Stewart,amyclark@example.org,18,73,1,73
313,2023-01-20 07:19:48.759242,Stephanie Ramos,amymiller@example.com,14,445,8,3560
314,2023-01-14 09:58:06.043201,Joshua Poole,katiecurry@example.org,15,117,7,819
315,2023-01-12 00:26:56.992675,Thomas Howell,doughertymichael@example.org,19,411,2,822
316,2023-01-06 08:02:27.281515,Richard Brown,briana39@example.com,11,33,6,198
317,2023-01-12 03:45:44.422935,Scott Yu,garciamichael@example.org,17,123,9,1107
318,2023-01-16 13:47:07.553698,Corey Simpson,bishopkimberly@example.com,19,411,6,2466
319,2023-01-01 08:32:06.272152,Michael Hess,llloyd@example.org,1,44,9,396
320,2023-01-13 12:47:38.209795,Brian Pitts,kimberlychaney@example.net,11,33,3,99
321,2023-01-02 16:31:29.140609,Ryan Miranda,emiller@example.com,11,33,8,264
322,2023-01-19 17:34:18.171696,Scott Stewart,regina78@example.com,6,305,3,915
323,2023-01-29 15:07:13.094681,Kim Robles,wilsonjohn@example.net,20,351,1,351
324,2023-01-07 04:37:03.344263,Jennifer Swanson,michael85@example.net,6,305,2,610
325,2023-01-20 22:22:29.367007,Christy Wilkerson,paulabbott@example.org,18,73,9,657
326,2023-01-19 22:56:14.698133,David Hampton,callahancarrie@example.com,7,98,1,98
327,2023-01-11 06:36:08.830671,Marcus Higgins,vcruz@example.com,14,445,7,3115
328,2023-01-03 23:04:37.773334,Terry Johnson,chenpaul@example.net,20,351,4,1404
329,2023-01-23 09:11:38.462364,Paul Dunn,youngtiffany@example.org,2,326,9,2934
330,2023-01-13 06:55:11.567120,Renee Ward,richardspencer@example.net,16,466,2,932
331,2023-01-15 14:25:10.991712,Dawn Allen,andrew44@example.net,9,33,1,33
332,2023-01-18 10:35:04.436220,Kimberly Rodriguez,uestrada@example.net,5,398,4,1592
333,2023-01-21 21:34:41.244976,Alicia Wilkerson,underwoodrobert@example.net,4,409,3,1227
334,2023-01-11 01:55:13.528718,Jennifer Howell,donna94@example.com,19,411,1,411
335,2023-01-29 16:35:41.960352,Ronald Scott,lindsey90@example.com,18,73,8,584
336,2023-01-15 23:32:47.525333,Felicia Flores,wandashaw@example.com,17,123,8,984
337,2023-01-21 06:42:11.499013,Amanda Romero,justinstephens@example.org,17,123,4,492
338,2023-01-25 02:48:26.274664,Joshua Frank,brett41@example.com,15,117,2,234
339,2023-01-17 19:57:19.960831,Julie Vazquez,donaldshaffer@example.org,2,326,2,652
340,2023-01-06 12:22:25.387617,Amy Cross,martinezkim@example.com,19,411,5,2055
341,2023-01-26 10:24:32.075668,Donna Novak,thomas61@example.net,4,409,6,2454
342,2023-01-14 13:40:52.661980,Jennifer Peters,sabrina94@example.com,15,117,6,702
343,2023-01-15 09:30:17.987753,Ronald Thomas,smithmiranda@example.org,15,117,6,702
344,2023-01-22 01:45:47.916982,Andrea Wade DDS,courtneylee@example.com,14,445,5,2225
345,2023-01-08 17:57:53.927675,Felicia Williams MD,umiller@example.org,6,305,8,2440
346,2023-01-24 09:44:35.457508,Daniel Bryant,sstokes@example.com,13,408,1,408
347,2023-01-02 20:45:59.470388,Cindy Brown,diane88@example.net,3,438,8,3504
348,2023-01-13 14:26:52.911281,Melody Robinson,sabrinafuller@example.com,18,73,1,73
349,2023-01-04 23:48:17.646293,Richard Allen,mark57@example.org,1,44,3,132
350,2023-01-10 18:23:37.183740,Rebekah Bates,brucenorris@example.com,2,326,6,1956
351,2023-01-02 06:24:20.474699,Sara Brown,mary10@example.net,17,123,2,246
352,2023-01-28 04:07:17.353415,James Hunter,andrew60@example.net,2,326,8,2608
353,2023-01-27 01:14:21.259688,Kayla Villarreal,blackburnmarie@example.org,2,326,4,1304
354,2023-01-04 04:35:04.963122,Jennifer Bradshaw,wintersmarco@example.com,14,445,5,2225
355,2023-01-09 11:32:19.935689,Antonio Nelson,jennifer25@example.com,11,33,8,264
356,2023-01-19 01:10:56.864989,Debra Murphy,simonwilliam@example.net,19,411,5,2055
357,2023-01-12 09:34:33.092188,Amber Rogers,tyrone14@example.org,1,44,5,220
358,2023-01-17 13:14:34.863989,Alyssa Allen,kathywarren@example.net,3,438,5,2190
359,2023-01-11 18:20:21.677952,Angela Cabrera,trogers@example.org,2,326,4,1304
360,2023-01-14 15:27:12.140922,Jennifer Phillips,djordan@example.org,18,73,3,219
361,2023-01-13 18:26:02.777752,Mary Montoya,norma84@example.org,14,445,7,3115
362,2023-01-19 21:46:53.158488,Kristine Jimenez,jason90@example.com,10,447,5,2235
363,2023-01-03 13:50:34.462346,Anna Yu,johnsonjoseph@example.net,13,408,8,3264
364,2023-01-17 04:39:54.212918,Kevin Williams,qlee@example.com,15,117,7,819
365,2023-01-19 13:59:20.490919,Mark Nguyen,emily09@example.org,15,117,9,1053
366,2023-01-17 11:12:49.777967,Robert Ramirez,lewismichele@example.com,4,409,8,3272
367,2023-01-04 17:44:29.068824,Brandon Wyatt,corey79@example.net,3,438,1,438
368,2023-01-21 16:38:34.691173,Tanya Porter,robert57@example.net,6,305,3,915
369,2023-01-20 18:02:26.577710,Michael Evans,kcochran@example.com,14,445,6,2670
370,2023-01-14 08:03:36.901969,Hannah Compton,kevinproctor@example.com,1,44,8,352
371,2023-01-18 13:50:15.786108,David Perez,michael69@example.org,10,447,9,4023
372,2023-01-11 09:36:00.962041,Richard Young,fcollins@example.com,1,44,1,44
373,2023-01-17 23:13:33.830365,Erik Moore,xstanley@example.net,17,123,7,861
374,2023-01-04 12:09:51.195604,Samantha George,caitlinrios@example.com,14,445,3,1335
375,2023-01-22 20:39:55.005357,Kelsey Hartman,hoodleonard@example.com,18,73,9,657
376,2023-01-23 11:42:41.836727,Kevin Oneal,cassandra63@example.com,6,305,4,1220
377,2023-01-08 13:04:13.643568,Austin Watkins,westnoah@example.org,6,305,7,2135
378,2023-01-19 01:49:35.917810,Stephanie Moody,dariusclark@example.com,1,44,8,352
379,2023-01-27 17:07:18.013623,Matthew Mills,tjenkins@example.net,14,445,5,2225
380,2023-01-19 07:33:55.597936,Donald Chavez,whitewilliam@example.com,17,123,9,1107
381,2023-01-17 08:53:41.365518,Kristen Fox,wgoodwin@example.org,17,123,6,738
382,2023-01-15 21:39:09.977512,Mark Deleon,michaelbryan@example.com,16,466,1,466
383,2023-01-17 19:16:11.194439,Kevin Cooper,natashaguzman@example.com,15,117,6,702
384,2023-01-07 00:36:17.552587,Dawn Brennan,ydeleon@example.org,8,272,3,816
385,2023-01-08 00:04:31.147719,Alexis Brown,wongbrian@example.org,9,33,9,297
386,2023-01-17 11:40:48.261450,Ross Baker,gavin76@example.com,7,98,1,98
387,2023-01-03 07:27:05.167676,Michael Marshall,thomas09@example.net,10,447,4,1788
388,2023-01-03 14:19:33.434876,Shelia Ward,michellecisneros@example.org,20,351,3,1053
389,2023-01-26 06:23:50.730702,Joshua Yang,melvinmartinez@example.com,2,326,4,1304
390,2023-01-13 23:03:14.101923,Chelsea Coffey,esimon@example.org,6,305,5,1525
391,2023-01-24 20:29:54.864923,Gabrielle Warren,harrischristopher@example.com,4,409,9,3681
392,2023-01-17 19:17:07.884491,Sophia Velasquez,williamsjessica@example.org,8,272,7,1904
393,2023-01-24 19:57:39.148934,Dr. Brandon Brown,vegamaria@example.net,10,447,8,3576
394,2023-01-10 02:33:25.026403,Kimberly Galloway,kerralyssa@example.org,8,272,7,1904
395,2023-01-18 05:49:28.961502,Margaret Underwood,jasonsmith@example.net,19,411,3,1233
396,2023-01-03 15:07:49.789979,James Lewis,james45@example.net,12,95,5,475
397,2023-01-03 18:43:14.389808,Karen Wagner,timothy98@example.com,3,438,2,876
398,2023-01-02 02:08:30.719889,Donna Ray,chad54@example.com,10,447,2,894
399,2023-01-19 21:32:00.939416,Jordan Mays,michael67@example.org,13,408,2,816
400,2023-01-24 20:39:02.211771,William Ortiz,ywagner@example.net,4,409,7,2863
401,2023-01-14 17:06:46.395454,Joseph Torres,hilllisa@example.org,2,326,9,2934
402,2023-01-23 07:45:33.169436,Mary Warren,christopheranderson@example.net,5,398,6,2388
403,2023-01-22 01:21:41.152586,Joseph Adams,iwang@example.com,16,466,9,4194
404,2023-01-01 06:23:18.319883,Stephen Perez,imiranda@example.com,5,398,8,3184
405,2023-01-26 00:58:34.533916,Melissa Lee,htucker@example.net,4,409,6,2454
406,2023-01-28 08:32:57.597679,Michael Huff,gonzalezian@example.com,18,73,7,511
407,2023-01-17 18:46:53.015722,Lisa Garner,wilsonryan@example.com,18,73,6,438
408,2023-01-27 04:42:34.995325,Kyle Larsen,hendersonjason@example.com,10,447,9,4023
409,2023-01-10 02:47:26.589934,Jorge Tucker,judy53@example.com,9,33,7,231
410,2023-01-26 20:35:59.818087,Jesse Leonard,aguzman@example.com,15,117,1,117
411,2023-01-03 13:02:43.155962,Catherine Walker,rebeccawebb@example.net,20,351,6,2106
412,2023-01-07 09:35:54.152323,David Simpson,murphysteven@example.net,2,326,6,1956
413,2023-01-20 19:48:05.278066,Sean Wilson,vanessa21@example.net,8,272,4,1088
414,2023-01-29 04:15:35.904755,Lisa Mitchell,keith85@example.com,9,33,9,297
415,2023-01-05 22:04:01.653612,Dr. Patricia Peterson,jamestroy@example.org,10,447,7,3129
416,2023-01-10 09:02:55.577609,Emily Harper,briandyer@example.org,20,351,2,702
417,2023-01-14 03:03:55.857794,Andrew English,lynchbrandon@example.net,13,408,1,408
418,2023-01-19 02:52:22.236008,Jessica Wilson,evan50@example.net,18,73,2,146
419,2023-01-20 13:36:57.817276,Sarah Dunn,walkersarah@example.com,2,326,3,978
420,2023-01-17 17:56:35.505024,Brian Harris,kdavis@example.net,15,117,9,1053
421,2023-01-25 01:31:01.724561,Anna Murphy,allisonsmith@example.org,5,398,7,2786
422,2023-01-14 03:06:15.722553,Timothy Brock,tiffany91@example.net,13,408,8,3264
423,2023-01-21 05:10:51.240255,Valerie Hicks,wrightemily@example.org,9,33,9,297
424,2023-01-11 06:59:17.077987,Tony Moore,melissa24@example.org,10,447,8,3576
425,2023-01-06 19:56:35.892667,Eric Ortiz,sheliaperez@example.com,2,326,6,1956
426,2023-01-21 08:52:19.803196,Katie Ramirez,weberalexander@example.net,18,73,6,438
427,2023-01-16 05:42:28.599165,Darrell Randolph,hayleywhite@example.com,3,438,9,3942
428,2023-01-27 08:35:05.321949,Michael Rose,snelson@example.org,8,272,1,272
429,2023-01-29 17:41:19.318756,Marilyn Hernandez,james49@example.com,7,98,8,784
430,2023-01-19 18:27:57.580979,Lauren Lowery,ramosstephanie@example.org,1,44,2,88
431,2023-01-25 21:53:12.986969,Jeremiah Butler,alexandraking@example.com,8,272,7,1904
432,2023-01-28 11:10:22.342997,Patrick Cardenas,henrytracy@example.org,6,305,9,2745
433,2023-01-03 16:34:43.311080,Charles Clark DDS,lbrooks@example.net,10,447,7,3129
434,2023-01-10 10:58:38.142784,April Carpenter,blacksarah@example.org,15,117,2,234
435,2023-01-15 01:13:03.347117,Jennifer Mann,dereknorman@example.org,14,445,6,2670
436,2023-01-05 23:41:08.561689,Jason Sanchez,hayley89@example.org,9,33,1,33
437,2023-01-15 18:20:46.052697,Toni Kelley,amyhodge@example.com,15,117,7,819
438,2023-01-21 11:38:03.987504,Edward Abbott,yramirez@example.com,19,411,1,411
439,2023-01-26 12:13:37.085239,Lori Pierce,jessicaanderson@example.com,3,438,2,876
440,2023-01-12 17:54:29.292599,Lisa Reid,matthewskelly@example.com,14,445,6,2670
441,2023-01-07 17:47:05.606465,Christian Grant,allenmegan@example.com,13,408,2,816
442,2023-01-08 17:54:24.879721,Kendra Wilson,carpentercameron@example.org,8,272,6,1632
443,2023-01-25 14:20:14.642394,Edward Smith,goodmaneric@example.org,6,305,6,1830
444,2023-01-18 11:08:47.826371,Mark Chavez,ithomas@example.net,11,33,5,165
445,2023-01-06 14:12:56.992277,Ellen Kennedy,dale39@example.com,18,73,5,365
446,2023-01-07 23:22:39.988570,Peter Diaz,clarkchristopher@example.com,3,438,1,438
447,2023-01-23 15:10:57.336953,Kristen Cohen,kgordon@example.com,7,98,7,686
448,2023-01-04 19:09:05.858354,Shari Johnson,laura98@example.org,14,445,2,890
449,2023-01-20 05:51:27.019383,John Horton,calvinnicholson@example.net,11,33,4,132
450,2023-01-07 21:19:20.681350,Ricardo Villanueva,cynthiagonzalez@example.org,8,272,6,1632
451,2023-01-07 03:03:18.340775,Connor Smith,bradlogan@example.net,13,408,3,1224
452,2023-01-02 03:25:48.518937,Stephanie Hoover,michellelynch@example.org,20,351,4,1404
453,2023-01-18 15:56:22.920099,Elizabeth Chapman,youngcourtney@example.net,1,44,3,132
454,2023-01-01 00:51:28.493660,Ralph Webb,melody01@example.net,4,409,1,409
455,2023-01-17 14:10:58.077237,Patricia Gutierrez,barbarapayne@example.net,12,95,4,380
456,2023-01-22 12:47:06.722964,Michael Moore,amber71@example.org,3,438,2,876
457,2023-01-04 22:33:53.269983,Heidi Moreno,johnny25@example.net,11,33,6,198
458,2023-01-10 09:49:39.292400,Tony Estes,hailey15@example.com,15,117,7,819
459,2023-01-10 18:15:39.309051,Thomas Collier,gavinjones@example.org,6,305,4,1220
460,2023-01-09 12:36:19.075826,Kayla Price,jyates@example.org,18,73,7,511
461,2023-01-01 03:08:53.955795,Patricia Green,betty15@example.org,12,95,5,475
462,2023-01-22 18:51:15.268221,Edward Brooks,matthewbuckley@example.org,7,98,4,392
463,2023-01-05 23:44:13.586558,Robert Miller,jasminerodgers@example.org,2,326,1,326
464,2023-01-14 14:25:51.335144,Vincent Rivera,mgates@example.com,19,411,4,1644
465,2023-01-16 13:23:06.964865,Audrey Nash,briansnyder@example.org,20,351,3,1053
466,2023-01-04 23:41:38.242444,April Parks,fishermelanie@example.org,3,438,9,3942
467,2023-01-11 10:57:32.992867,Blake Lang,howardlandry@example.org,20,351,8,2808
468,2023-01-26 18:23:36.932887,Melissa Shelton,james93@example.net,3,438,8,3504
469,2023-01-22 13:25:21.466296,Dr. Caroline Martin,andrew88@example.org,11,33,3,99
470,2023-01-25 14:09:08.089622,Christopher Burke Jr.,barrerabrian@example.com,12,95,3,285
471,2023-01-03 16:07:26.094059,Patricia Butler,sandraking@example.org,5,398,6,2388
472,2023-01-02 06:33:55.781992,Julie Chang,john57@example.com,3,438,2,876
473,2023-01-04 03:44:34.731760,Kimberly West,vdonovan@example.com,14,445,3,1335
474,2023-01-12 18:15:09.988765,Daniel Greene,ericwilson@example.com,18,73,9,657
475,2023-01-29 12:29:01.600796,Alexa Johnson,abigailmahoney@example.net,7,98,9,882
476,2023-01-29 23:55:46.725873,David Calderon,johnnywilliams@example.net,6,305,9,2745
477,2023-01-29 21:26:44.514526,Michael Wilkins,upratt@example.net,6,305,7,2135
478,2023-01-19 06:13:10.600587,Mr. Adam Wilson,camposmatthew@example.com,18,73,4,292
479,2023-01-19 02:17:05.864731,Michelle Houston,kreynolds@example.com,8,272,1,272
480,2023-01-19 11:40:47.644085,Lisa Campbell,richard32@example.org,20,351,4,1404
481,2023-01-15 00:15:11.610353,Brian Gibson,amanda19@example.net,19,411,7,2877
482,2023-01-16 09:53:57.121565,Christopher Clarke,geraldyang@example.net,18,73,3,219
483,2023-01-14 08:35:58.343657,Brittany Gray,terricurtis@example.com,2,326,4,1304
484,2023-01-04 07:24:31.337155,Jennifer Lawson,brice@example.com,7,98,5,490
485,2023-01-24 09:01:03.488957,Wendy Wyatt,oclarke@example.com,17,123,7,861
486,2023-01-12 06:42:40.571118,Patrick Brown,hsmith@example.org,15,117,3,351
487,2023-01-04 13:45:02.658388,Stephanie Moore,joselandry@example.org,17,123,4,492
488,2023-01-03 06:51:47.639812,Brooke Mcmahon,julie59@example.org,10,447,1,447
489,2023-01-02 15:38:50.364827,Maria Rivers,ifox@example.com,12,95,9,855
490,2023-01-17 17:23:54.313513,Rebecca Clark,anita21@example.net,16,466,4,1864
491,2023-01-22 14:21:04.303057,Allison Davis,toddbrian@example.net,7,98,8,784
492,2023-01-08 00:20:34.885110,Douglas Weeks,tonya69@example.org,3,438,1,438
493,2023-01-08 18:16:51.752293,Karen Morales,patricia11@example.com,5,398,7,2786
494,2023-01-03 12:13:12.919086,Wendy Gilmore,bauersusan@example.com,8,272,6,1632
495,2023-01-26 07:13:02.476729,Justin Ramirez,moniquebowen@example.org,5,398,7,2786
496,2023-01-23 15:53:51.041692,Kristine Cardenas,teresagriffin@example.com,17,123,6,738
497,2023-01-29 01:50:13.986350,Shannon Rios,dale52@example.org,9,33,4,132
498,2023-01-04 05:38:39.972537,Jay Harris,davidtrujillo@example.org,14,445,3,1335
499,2023-01-13 18:36:19.363110,Kristen Parks,josefuller@example.org,6,305,4,1220
500,2023-01-22 17:45:33.352381,Elizabeth Cameron,mmedina@example.net,5,398,1,398
501,2023-01-27 11:53:27.904687,Roger Williams,gsmith@example.com,19,411,4,1644
502,2023-01-13 18:01:59.605456,Bradley Soto,angelaharris@example.net,7,98,8,784
503,2023-01-22 20:47:51.799528,David Jones,richardcarney@example.org,4,409,2,818
504,2023-01-09 16:53:04.313599,Abigail Cruz,ybridges@example.org,6,305,1,305
505,2023-01-15 00:51:04.004731,Christine Copeland,lisablack@example.net,10,447,8,3576
506,2023-01-06 11:29:39.523958,Jeffrey Cunningham,kristawhite@example.org,1,44,9,396
507,2023-01-11 23:15:34.321084,Devin Newton,hannah77@example.com,10,447,2,894
508,2023-01-12 20:37:36.823044,Kevin Wells,nreid@example.org,5,398,2,796
509,2023-01-14 14:23:07.586050,John Douglas,nancyadams@example.net,1,44,8,352
510,2023-01-16 09:38:11.735746,Jennifer Solis,ronald46@example.org,11,33,5,165
511,2023-01-24 02:50:18.908388,Richard Harris MD,stevelane@example.org,4,409,1,409
512,2023-01-08 07:46:26.599755,Craig Mann,jamiesanchez@example.com,16,466,3,1398
513,2023-01-28 23:35:00.979471,Christopher Beck,brittanylin@example.org,14,445,9,4005
514,2023-01-07 07:31:15.489381,Michael Howard,urodriguez@example.net,1,44,9,396
515,2023-01-13 04:06:33.507436,Jeremy Ellison,qwebster@example.net,9,33,8,264
516,2023-01-27 15:50:58.488387,Robert Williamson,jasonlopez@example.com,19,411,7,2877
517,2023-01-15 00:31:12.602919,Casey Klein,johnsonjasmine@example.org,17,123,1,123
518,2023-01-06 23:23:50.362990,Austin Martinez,qmartin@example.org,18,73,5,365
519,2023-01-01 14:58:31.825719,Aaron Branch,smithanthony@example.com,18,73,1,73
520,2023-01-08 19:54:07.971450,Kimberly Harvey,tracyrose@example.net,19,411,9,3699
521,2023-01-15 12:55:53.530892,Kimberly Santos,piercekatelyn@example.net,8,272,6,1632
522,2023-01-17 06:50:27.371527,Tiffany Lester,marissa55@example.org,8,272,2,544
523,2023-01-13 21:43:28.746071,Kimberly Myers,anasimmons@example.com,15,117,4,468
524,2023-01-16 05:30:15.003782,Lisa Hunter,brian81@example.org,6,305,5,1525
525,2023-01-16 06:56:58.999797,Terrance Esparza,thomasfletcher@example.net,17,123,2,246
526,2023-01-29 11:57:59.671668,Matthew Dennis,ilam@example.com,3,438,1,438
527,2023-01-25 11:55:47.911780,Andrew Kirby,john09@example.net,16,466,2,932
528,2023-01-22 01:15:36.503074,Stephanie Cameron,laura39@example.net,5,398,9,3582
529,2023-01-11 11:50:30.510946,Miguel Walsh,melanie59@example.net,8,272,1,272
530,2023-01-22 06:26:21.975083,Courtney Joseph,pamela98@example.com,9,33,2,66
531,2023-01-21 20:15:13.395990,Wayne Rich,brandi19@example.net,5,398,8,3184
532,2023-01-23 07:53:10.823899,Kenneth Gonzalez,debrajackson@example.com,13,408,5,2040
533,2023-01-11 17:12:52.133185,Dominic Clark,jason16@example.net,17,123,4,492
534,2023-01-03 15:02:27.004662,Lauren Johnson,mscott@example.net,10,447,1,447
535,2023-01-13 13:23:42.096360,Joseph Garcia,zklein@example.net,13,408,8,3264
536,2023-01-11 15:02:33.572518,Louis Wong,matthew96@example.org,1,44,2,88
537,2023-01-12 23:36:27.551548,Jessica Cummings,mjones@example.com,2,326,3,978
538,2023-01-19 22:31:51.158869,Jeffrey King,carolinecooper@example.com,19,411,3,1233
539,2023-01-07 03:40:10.698604,Rachel Warren,randrews@example.org,14,445,9,4005
540,2023-01-09 00:41:38.098898,Linda Valdez,xvasquez@example.net,20,351,8,2808
541,2023-01-07 13:12:50.889492,April Snow,benjamin45@example.org,18,73,4,292
542,2023-01-21 06:27:37.305578,Sharon Leblanc,randerson@example.com,16,466,3,1398
543,2023-01-17 10:26:25.723629,Matthew West,lauren94@example.org,8,272,3,816
544,2023-01-24 18:02:03.007220,Steven Cross,jensenmelissa@example.com,8,272,9,2448
545,2023-01-18 08:05:42.918757,Crystal Brennan,jessicawright@example.org,18,73,5,365
546,2023-01-10 20:35:54.558272,Cassandra Mcintosh,nmoss@example.net,3,438,7,3066
547,2023-01-10 15:48:56.040413,Joshua Valdez,randyroberts@example.com,12,95,4,380
548,2023-01-21 05:57:22.324843,Haley Hunt,thaas@example.org,12,95,8,760
549,2023-01-17 13:37:44.640559,Shirley Calderon,uscott@example.org,20,351,7,2457
550,2023-01-08 22:28:23.916539,Darren Perkins,robert49@example.org,14,445,1,445
551,2023-01-24 06:14:13.185189,Christine Malone,scottjohn@example.com,16,466,1,466
552,2023-01-10 22:04:42.259365,Jared Wells,marie75@example.net,3,438,1,438
553,2023-01-14 11:51:41.284208,Dale Miller,joseph84@example.org,4,409,7,2863
554,2023-01-01 10:58:37.185671,Amanda Taylor,nbarnett@example.com,10,447,1,447
555,2023-01-20 20:08:44.543199,David Kramer,pjohnson@example.net,2,326,1,326
556,2023-01-05 12:07:07.127543,Alexandra Hancock,brianna94@example.org,16,466,2,932
557,2023-01-09 03:33:36.741870,Thomas Lee,iscott@example.org,14,445,4,1780
558,2023-01-18 15:05:28.947759,Emily Hooper,uwilliams@example.org,4,409,8,3272
559,2023-01-08 10:55:47.034152,Haley Harmon,haleykelly@example.org,1,44,3,132
560,2023-01-28 14:00:28.566529,Margaret Wolfe,butlertami@example.org,13,408,6,2448
561,2023-01-05 21:55:51.839557,Denise Walters,goodmannichole@example.net,19,411,4,1644
562,2023-01-13 15:05:29.226330,Stephanie Lane,christopher82@example.org,13,408,4,1632
563,2023-01-24 05:53:59.204122,Christopher Shaw,williambrown@example.net,19,411,7,2877
564,2023-01-18 05:26:46.792167,Maria Castaneda,stephaniejones@example.com,6,305,9,2745
565,2023-01-22 21:13:50.847211,Erica Beard,davidbailey@example.net,9,33,3,99
566,2023-01-27 05:51:51.627031,Meredith Jones,jacob29@example.net,19,411,9,3699
567,2023-01-11 11:32:29.599709,Heather Pennington,sarah98@example.org,3,438,7,3066
568,2023-01-04 07:07:15.469731,Megan Lynch,osborneaaron@example.com,4,409,2,818
569,2023-01-16 14:11:34.125267,Veronica Valdez,robert24@example.org,9,33,3,99
570,2023-01-06 02:12:09.208257,Daniel Edwards,jeremiah90@example.net,5,398,6,2388
571,2023-01-29 18:17:17.121569,Kimberly Armstrong,molly77@example.net,7,98,2,196
572,2023-01-18 06:08:54.839265,Marcus Hunt,michelle92@example.com,11,33,8,264
573,2023-01-04 11:55:26.933730,Justin Waters,lprice@example.net,10,447,2,894
574,2023-01-19 19:34:10.390777,Anita Wilson,michael25@example.net,14,445,6,2670
575,2023-01-26 23:40:07.012606,Debra Davis,taylorshane@example.com,16,466,1,466
576,2023-01-13 23:55:11.187453,Lynn Mclean,michelle51@example.net,13,408,6,2448
577,2023-01-23 10:41:36.512702,Timothy Davis,monroeangela@example.net,3,438,4,1752
578,2023-01-11 23:09:43.393177,Kimberly Cunningham,stokesjustin@example.net,10,447,1,447
579,2023-01-12 20:48:41.494790,Jason Brown,bondmegan@example.net,15,117,3,351
580,2023-01-17 23:15:28.125135,Kimberly Leonard,karen32@example.org,9,33,4,132
581,2023-01-06 09:02:19.789099,Michelle Mills,charles69@example.org,19,411,3,1233
582,2023-01-05 03:13:49.260321,Michael Nelson,paul27@example.com,9,33,1,33
583,2023-01-21 12:31:24.290800,Norma Sims,hardychad@example.org,14,445,4,1780
584,2023-01-13 06:22:05.182940,James Kelley,dhubbard@example.net,11,33,2,66
585,2023-01-15 01:06:49.201293,Margaret Saunders,llong@example.com,1,44,7,308
586,2023-01-26 20:21:54.128440,Julia Bradley,floresmiguel@example.net,5,398,8,3184
587,2023-01-21 17:06:02.483756,Heather Walsh DVM,peter11@example.com,8,272,5,1360
588,2023-01-06 10:15:30.359775,Michael Rodriguez,nbradley@example.net,11,33,4,132
589,2023-01-13 18:57:36.657237,Amanda Ramirez,christina92@example.org,17,123,4,492
590,2023-01-11 19:13:01.147936,Peter Ritter,stanleyandrew@example.com,17,123,8,984
591,2023-01-24 19:53:34.311339,Alyssa Pacheco,christopher42@example.org,13,408,6,2448
592,2023-01-22 09:48:52.200984,Eric Martin,mcbridejoseph@example.com,1,44,3,132
593,2023-01-01 04:22:33.627434,Michael Banks,alexander70@example.org,3,438,5,2190
594,2023-01-22 00:32:22.023394,Marcus Stone,ytorres@example.com,12,95,1,95
595,2023-01-20 13:05:50.978729,Julie Wong,kmcmahon@example.org,13,408,9,3672
596,2023-01-20 01:21:17.952660,Mrs. Kelly Moreno,jessica00@example.net,20,351,9,3159
597,2023-01-02 22:21:25.717934,Sarah Page,kimberly80@example.org,7,98,3,294
598,2023-01-08 06:24:23.851006,Donald Smith,haydenjeanette@example.org,5,398,8,3184
599,2023-01-27 04:22:35.110957,Stephanie Hampton,nharrison@example.net,5,398,2,796
600,2023-01-21 03:04:23.757612,Tyler Ramirez,barneskrista@example.org,20,351,9,3159
601,2023-01-04 08:37:12.563122,Richard Castaneda,brittanyfitzgerald@example.org,15,117,5,585
602,2023-01-10 19:35:29.302983,Johnny Fisher,bdavis@example.net,7,98,7,686
603,2023-01-09 17:10:43.478456,Javier Peterson,bowendarrell@example.com,12,95,5,475
604,2023-01-05 21:23:01.772407,Laura Reed,kcastillo@example.com,9,33,6,198
605,2023-01-20 10:11:46.542214,Annette Gordon,john79@example.org,12,95,9,855
606,2023-01-12 11:30:18.209682,Michelle Wu,browntammy@example.net,17,123,9,1107
607,2023-01-06 08:57:21.616210,Thomas Morales,sgriffin@example.com,9,33,5,165
608,2023-01-19 00:24:21.491924,Laurie Benton,edwardnichols@example.net,2,326,9,2934
609,2023-01-16 21:00:17.112978,Jonathan Jefferson,kcrawford@example.com,17,123,9,1107
610,2023-01-01 10:21:56.517466,Angela Webb MD,paulbryant@example.net,17,123,1,123
611,2023-01-08 02:00:26.677086,Cindy Parks,pdaniels@example.org,18,73,7,511
612,2023-01-28 13:57:59.908562,Alyssa Kelley,nfischer@example.com,4,409,5,2045
613,2023-01-19 08:35:22.462537,Nathaniel Hall,erika81@example.com,9,33,1,33
614,2023-01-29 05:16:07.449029,Mrs. Christy Johnson DVM,fnguyen@example.net,6,305,1,305
615,2023-01-14 12:03:21.536183,Sandra Lopez,hernandezian@example.net,7,98,5,490
616,2023-01-26 17:30:15.577110,Krista Baker,hailey33@example.com,13,408,1,408
617,2023-01-07 01:48:55.774252,Michael Perez,katiemcdonald@example.org,7,98,9,882
618,2023-01-05 23:18:54.744901,Deborah Roberts,laurenwilliams@example.net,5,398,9,3582
619,2023-01-01 17:27:32.858868,David Lawrence,caleb63@example.com,7,98,2,196
620,2023-01-18 23:10:01.607446,Christopher Cox,kimberlyjordan@example.org,10,447,9,4023
621,2023-01-02 04:16:27.170147,Timothy Ho,garciarandall@example.net,20,351,6,2106
622,2023-01-06 02:33:27.095701,Anthony Ingram,mgarcia@example.net,18,73,1,73
623,2023-01-06 15:44:49.270625,Jack Taylor,scott34@example.net,11,33,8,264
624,2023-01-15 05:53:50.073951,Paul Little,alexander05@example.net,7,98,5,490
625,2023-01-25 15:23:23.826575,Tanya Chaney,mhall@example.org,11,33,3,99
626,2023-01-16 08:38:07.936987,Rachel Gonzalez,fosterjoseph@example.org,1,44,1,44
627,2023-01-09 08:33:52.702350,John Thompson,connorsantana@example.net,13,408,4,1632
628,2023-01-17 02:54:50.712959,Jose Preston,sarah63@example.com,10,447,7,3129
629,2023-01-06 07:20:26.526434,Rachel Williams,elizabeth58@example.com,17,123,1,123
630,2023-01-02 10:22:37.623859,Carla Park,bhodge@example.org,4,409,7,2863
631,2023-01-10 22:55:19.026263,Martha Lewis,penningtonjoseph@example.net,5,398,5,1990
632,2023-01-28 21:25:17.131358,John Lee,ecunningham@example.com,9,33,3,99
633,2023-01-29 03:05:46.867854,Summer Hubbard,christianberger@example.com,6,305,6,1830
634,2023-01-20 00:35:03.992061,Lawrence Bowman,abigail24@example.net,15,117,1,117
635,2023-01-09 21:19:53.984453,Benjamin Davis,jkrause@example.net,3,438,2,876
636,2023-01-09 02:06:15.358506,Monica Benitez,baileyjessica@example.org,8,272,4,1088
637,2023-01-10 16:32:41.307208,Carol Villarreal,ysmith@example.net,16,466,8,3728
638,2023-01-04 04:49:52.897372,Katherine Reynolds,martin82@example.net,15,117,4,468
639,2023-01-19 08:10:07.242779,Richard Ramsey,diane98@example.com,11,33,3,99
640,2023-01-22 03:43:45.034806,Emily Allen,nicole76@example.org,1,44,1,44
641,2023-01-24 18:49:38.342492,Joseph Foster,ross03@example.org,17,123,6,738
642,2023-01-02 16:11:29.003168,Penny Jones,mary21@example.net,4,409,3,1227
643,2023-01-01 22:27:49.242274,Nicole Cooper,turnerricky@example.org,10,447,6,2682
644,2023-01-21 09:05:17.751231,Angela Conway,ronniepowell@example.net,4,409,8,3272
645,2023-01-05 09:35:36.864240,Jasmine Hinton,aferguson@example.org,20,351,5,1755
646,2023-01-25 07:56:57.706842,Kelly Henson,michael80@example.org,13,408,9,3672
647,2023-01-28 14:27:28.993176,Jorge Morris,wflores@example.org,18,73,9,657
648,2023-01-03 05:10:49.390273,Adrian Rivera,jenkinsshirley@example.com,1,44,1,44
649,2023-01-21 22:29:46.401092,Robert Fitzpatrick,fgriffin@example.com,18,73,9,657
650,2023-01-11 10:27:32.399086,Denise Miller,ryan59@example.com,9,33,7,231
651,2023-01-10 11:00:43.921029,Danielle Hunt,miranda47@example.org,2,326,1,326
652,2023-01-26 09:04:18.861806,Pamela Oliver,pblevins@example.com,6,305,6,1830
653,2023-01-13 15:44:44.828688,Rick Harris,alexandra57@example.org,10,447,5,2235
654,2023-01-11 00:12:39.351087,Jenna Quinn,kendra44@example.com,5,398,1,398
655,2023-01-22 23:33:33.825005,Peter Bailey,melodysanchez@example.net,5,398,1,398
656,2023-01-14 16:35:32.979961,David Schultz,david13@example.com,2,326,1,326
657,2023-01-03 20:23:45.579967,Stephanie Edwards,samuelreeves@example.net,5,398,9,3582
658,2023-01-20 04:03:08.554199,Julie Johnson,piercedenise@example.net,10,447,1,447
659,2023-01-07 15:23:21.411267,Aaron Faulkner,sfernandez@example.net,7,98,4,392
660,2023-01-28 00:59:22.950177,Jennifer Smith,mackenzie72@example.com,18,73,3,219
661,2023-01-28 21:58:01.534608,Gordon Davis,fbanks@example.org,10,447,2,894
662,2023-01-22 23:50:23.373725,Kenneth Thompson,xhiggins@example.com,3,438,1,438
663,2023-01-19 20:00:02.929062,Elizabeth Cooper,yolandacarter@example.com,4,409,6,2454
664,2023-01-21 22:55:10.272897,Amy Rodriguez,ballardsamantha@example.com,14,445,6,2670
665,2023-01-09 16:10:09.037589,Cynthia Mack,jonesrichard@example.net,12,95,1,95
666,2023-01-06 05:16:49.254433,Yvonne Ortega,caitlin72@example.org,10,447,8,3576
667,2023-01-13 22:30:12.155113,Jacqueline Hill,joshua25@example.com,1,44,6,264
668,2023-01-22 06:42:52.796760,Joanna Valdez,carrbryan@example.org,5,398,5,1990
669,2023-01-14 14:51:24.975326,Tim Bailey,jadepierce@example.org,19,411,8,3288
670,2023-01-04 14:16:25.575300,Devon Rios,youngbrittney@example.org,13,408,2,816
671,2023-01-16 04:17:16.463156,Richard Burton,sandra05@example.org,13,408,6,2448
672,2023-01-01 08:40:05.519772,Christopher Davis,barbaralong@example.org,19,411,1,411
673,2023-01-23 22:53:40.015598,Travis Smith,marthagross@example.org,11,33,9,297
674,2023-01-19 00:36:06.075469,Audrey Miller,natashacollins@example.net,7,98,5,490
675,2023-01-18 16:52:04.708015,Lisa Warren,dtran@example.org,18,73,7,511
676,2023-01-15 08:13:50.699827,Eileen Robinson,henryray@example.org,16,466,7,3262
677,2023-01-29 14:08:59.822994,Carlos Scott,thomasball@example.net,5,398,5,1990
678,2023-01-14 02:48:28.118373,Brian Scott,mcknightjim@example.org,20,351,6,2106
679,2023-01-15 21:05:05.273443,Natalie Sweeney,waynehensley@example.net,16,466,3,1398
680,2023-01-08 02:12:04.490773,Erin Salas,jennifergalloway@example.net,11,33,7,231
681,2023-01-09 21:15:45.260874,Robert Cunningham,robert33@example.org,19,411,3,1233
682,2023-01-13 23:17:41.253606,Laura Chapman,ddavidson@example.org,14,445,8,3560
683,2023-01-04 00:40:20.182030,Destiny Benson,kristinabell@example.com,7,98,8,784
684,2023-01-27 03:13:08.380846,Kelly Atkinson,smithbelinda@example.com,13,408,2,816
685,2023-01-01 16:12:17.494494,Sonya Alexander,amberkane@example.org,17,123,9,1107
686,2023-01-17 02:21:39.407403,Stacey Williams,nshaffer@example.net,1,44,2,88
687,2023-01-19 01:03:21.843342,Felicia Gonzalez,heathergilbert@example.com,5,398,6,2388
688,2023-01-12 14:40:28.647112,Elizabeth Stone,susan30@example.org,4,409,1,409
689,2023-01-23 14:10:25.998738,Christopher Parker,powellrebecca@example.com,19,411,7,2877
690,2023-01-08 08:55:50.988083,Brandon Alvarez,storres@example.net,4,409,1,409
691,2023-01-14 23:33:10.256386,Felicia Floyd,nrice@example.org,19,411,6,2466
692,2023-01-18 14:38:46.437743,Deborah Wilson,amy78@example.com,17,123,6,738
693,2023-01-15 00:17:55.168412,Joel Wallace,pharper@example.org,13,408,8,3264
694,2023-01-23 14:04:41.822572,Terri Leonard,vholmes@example.net,8,272,3,816
695,2023-01-12 05:53:35.672284,Zachary Murphy,alejandra27@example.org,6,305,5,1525
696,2023-01-05 03:48:08.067892,Caitlin Michael MD,brucehernandez@example.org,2,326,7,2282
697,2023-01-01 13:21:37.960165,Jessica Lloyd DDS,fwhite@example.com,13,408,7,2856
698,2023-01-21 23:27:50.858736,William Blanchard,olsonpamela@example.com,2,326,3,978
699,2023-01-03 12:24:22.495093,Daniel Nelson,currymatthew@example.com,7,98,3,294
700,2023-01-29 10:02:47.694052,Megan Martin,paulpeck@example.org,1,44,4,176
701,2023-01-09 01:20:18.439491,Mark West,keithmartha@example.com,1,44,3,132
702,2023-01-25 18:25:39.369178,Robin Williams,garciaryan@example.com,18,73,2,146
703,2023-01-19 19:12:44.987465,Erin Baker,ruizcatherine@example.org,12,95,2,190
704,2023-01-13 07:31:05.945465,Clayton Phillips,aaronhill@example.net,8,272,2,544
705,2023-01-15 13:06:39.278259,Ryan Doyle,jamesholloway@example.org,15,117,6,702
706,2023-01-13 06:57:49.580703,Mr. Michael Medina,villanuevakimberly@example.net,18,73,8,584
707,2023-01-20 17:11:45.350116,Thomas Ramos,pughtyler@example.net,19,411,7,2877
708,2023-01-24 00:12:50.074835,John Villarreal,andrea71@example.org,5,398,8,3184
709,2023-01-06 14:13:53.609187,Christopher Love,yhughes@example.net,5,398,9,3582
710,2023-01-12 21:13:57.950905,Alan Smith,zmoore@example.org,9,33,5,165
711,2023-01-22 15:01:24.327755,Chad Price,ericfuller@example.org,5,398,4,1592
712,2023-01-02 02:53:06.228103,Nicole Owens,gibsonjason@example.org,17,123,2,246
713,2023-01-22 04:30:04.125130,Joseph Moore,annette95@example.org,5,398,3,1194
714,2023-01-19 11:08:51.953897,Melanie Gonzalez,uwood@example.net,17,123,8,984
715,2023-01-04 14:04:01.891047,Mary Miller,whitethomas@example.com,4,409,1,409
716,2023-01-15 03:24:38.626099,Jeffrey Le,pharris@example.org,13,408,6,2448
717,2023-01-03 13:08:22.220297,Stephanie Gallagher,zlarson@example.com,19,411,7,2877
718,2023-01-22 14:31:34.845455,Chad Thomas,fcook@example.org,20,351,3,1053
719,2023-01-12 19:23:47.162335,Thomas Caldwell,josephvincent@example.net,8,272,8,2176
720,2023-01-28 02:42:52.758306,Jonathon Campos,timothyreeves@example.org,20,351,7,2457
721,2023-01-17 21:58:32.085661,Kelly King,briannavega@example.net,16,466,7,3262
722,2023-01-19 18:24:23.801382,Emily Carter,karen44@example.com,12,95,7,665
723,2023-01-16 15:56:36.069464,Raymond Mitchell,bethsmith@example.net,18,73,1,73
724,2023-01-11 15:26:59.516691,Sierra Adams,dmcknight@example.org,11,33,3,99
725,2023-01-17 09:21:32.828873,David Jones,hallkathleen@example.net,11,33,3,99
726,2023-01-18 21:15:59.337659,Anthony Davis,samanthamartinez@example.net,18,73,7,511
727,2023-01-04 21:32:14.635300,John Macias,shelly83@example.com,2,326,4,1304
728,2023-01-22 01:08:08.553575,Sarah Lindsey,hluna@example.com,14,445,6,2670
729,2023-01-29 18:06:32.082104,Kelly Brown,briangonzales@example.net,9,33,5,165
730,2023-01-28 10:46:35.756988,David Reese,davispamela@example.com,8,272,6,1632
731,2023-01-11 17:30:01.276056,Timothy Lang,alexiscooper@example.net,14,445,5,2225
732,2023-01-07 02:11:56.300361,Michael Byrd,joshuadougherty@example.org,13,408,3,1224
733,2023-01-13 18:09:24.419092,Sean Cooper,millertyler@example.org,5,398,6,2388
734,2023-01-06 23:05:49.254288,Lindsey Mack,hesstricia@example.org,8,272,1,272
735,2023-01-13 19:34:47.593902,Kendra Jones,martindennis@example.net,6,305,4,1220
736,2023-01-03 01:52:27.974954,Jennifer Sparks,smithbarry@example.com,6,305,8,2440
737,2023-01-28 11:24:55.116519,Faith Fischer,lauravaldez@example.net,5,398,9,3582
738,2023-01-08 06:17:46.350877,Deborah Williams,nicholasmiller@example.org,17,123,5,615
739,2023-01-03 06:10:52.530823,Donna Parsons,brownmorgan@example.org,8,272,5,1360
740,2023-01-04 09:23:18.715799,Deborah Murphy,qlawrence@example.net,8,272,1,272
741,2023-01-27 15:12:24.886113,Ann Gordon,kromero@example.net,9,33,2,66
742,2023-01-22 17:57:13.741955,Daniel Mejia,hahnmike@example.com,3,438,7,3066
743,2023-01-11 08:17:57.508975,Colin Carey,jeffreydawson@example.com,17,123,6,738
744,2023-01-09 08:33:34.673434,Calvin Gonzalez,jennifer76@example.net,16,466,6,2796
745,2023-01-02 03:22:01.831959,Willie Meyers,isharp@example.net,12,95,8,760
746,2023-01-15 21:39:34.145722,Andrea Vargas,richardbenson@example.org,10,447,2,894
747,2023-01-14 06:01:46.127467,William Harrell,whitakerjerry@example.net,5,398,3,1194
748,2023-01-06 09:01:22.084035,Tammy Perez,karenpatterson@example.com,4,409,8,3272
749,2023-01-14 08:46:23.929215,Tricia Singleton,christopher40@example.net,13,408,8,3264
750,2023-01-12 10:33:26.848102,Suzanne Berg,lsmith@example.org,3,438,6,2628
751,2023-01-05 06:06:26.571409,Amy Griffith,hollyhawkins@example.com,10,447,2,894
752,2023-01-17 13:49:37.188778,Zachary Khan,mario23@example.com,2,326,2,652
753,2023-01-12 01:28:24.667293,Thomas Roberts,rhonda02@example.com,13,408,9,3672
754,2023-01-03 20:12:15.739770,Melanie Johnston,dominguezelizabeth@example.com,1,44,2,88
755,2023-01-28 20:49:39.215891,Jacqueline Anderson,julia62@example.org,6,305,1,305
756,2023-01-10 08:20:36.843620,Kimberly Harris,james37@example.org,14,445,2,890
757,2023-01-08 09:01:29.116142,Nancy Harris,philip30@example.com,6,305,8,2440
758,2023-01-06 14:05:39.256586,Charlene Holden,jsmith@example.net,6,305,3,915
759,2023-01-07 05:01:54.336151,Randy Glenn,bartlettjonathon@example.com,10,447,5,2235
760,2023-01-15 08:51:12.622426,Christopher Lawson,kjenkins@example.net,4,409,3,1227
761,2023-01-15 22:56:16.748154,Donald Gibson,ncompton@example.com,15,117,9,1053
762,2023-01-06 05:15:00.788196,James Lewis,jonathan37@example.com,19,411,1,411
763,2023-01-10 16:28:49.897173,Amanda Moses,gouldtyler@example.net,10,447,9,4023
764,2023-01-06 15:43:01.270342,Vanessa Walsh,hamiltoncynthia@example.net,17,123,1,123
765,2023-01-27 06:31:55.253035,Amber Arias,atorres@example.org,7,98,7,686
766,2023-01-18 01:29:43.718679,Robert Pineda,avilasophia@example.net,17,123,6,738
767,2023-01-09 06:32:26.565407,Krystal Smith,vaughndawn@example.com,1,44,1,44
768,2023-01-10 07:43:24.794149,Stephanie Jenkins,jose06@example.net,8,272,5,1360
769,2023-01-10 23:46:57.212638,Doris Jones,xcook@example.org,11,33,5,165
770,2023-01-11 11:56:05.591292,Lydia Barnes,burnsanna@example.net,13,408,9,3672
771,2023-01-26 05:07:41.999985,Michael Keith,twilson@example.com,3,438,9,3942
772,2023-01-20 08:16:39.643015,Thomas Mullins,anthonypatrick@example.net,15,117,1,117
773,2023-01-02 06:03:40.239353,Michael Reyes,housebrittany@example.org,4,409,8,3272
774,2023-01-02 18:38:18.857889,Jessica Martin,rogersconnie@example.net,18,73,6,438
775,2023-01-28 12:00:03.046362,Allison Garcia,pbailey@example.com,4,409,1,409
776,2023-01-10 11:29:42.263319,Brian Jackson Jr.,vangtom@example.net,12,95,5,475
777,2023-01-26 09:44:27.564645,Christian Wright,stephanieperez@example.com,6,305,9,2745
778,2023-01-12 01:24:24.585632,Christopher White,jeremywalker@example.com,8,272,9,2448
779,2023-01-07 13:12:16.842284,Renee Bradley,barberwilliam@example.org,20,351,5,1755
780,2023-01-16 02:38:19.014222,Jean Johnson,wyattjustin@example.com,8,272,1,272
781,2023-01-09 13:02:56.492031,Darren Anderson,etran@example.org,10,447,6,2682
782,2023-01-26 16:11:00.876011,John Patel,johnschristopher@example.com,11,33,6,198
783,2023-01-01 10:56:42.951982,Jeremy Silva,adam88@example.net,9,33,1,33
784,2023-01-11 11:42:35.925891,Jordan Herman,gibbscole@example.org,5,398,2,796
785,2023-01-19 06:36:24.678817,Thomas Meyers,orrjessica@example.com,8,272,6,1632
786,2023-01-10 08:58:07.274304,Mathew Berry,jeffery74@example.com,6,305,8,2440
787,2023-01-18 01:32:41.968990,Mark Chapman,katelynsmith@example.org,1,44,4,176
788,2023-01-29 18:50:49.135044,Natalie Taylor,kevin82@example.com,8,272,3,816
789,2023-01-29 03:48:06.380559,Shelly Wood,boydjacob@example.com,20,351,3,1053
790,2023-01-26 01:52:31.177634,Andrea Horton,rleonard@example.com,14,445,2,890
791,2023-01-15 01:35:45.760282,Erin Anderson,carrie99@example.net,8,272,8,2176
792,2023-01-27 13:18:33.163086,Tiffany Gray,vmurphy@example.net,7,98,1,98
793,2023-01-28 20:28:01.753683,Jeremiah Johnson,juan41@example.com,11,33,2,66
794,2023-01-14 07:01:45.929362,Kimberly Rios,amiller@example.com,14,445,2,890
795,2023-01-17 18:33:29.692725,Robert Walters,marcus34@example.net,3,438,9,3942
796,2023-01-12 06:12:56.795477,Kimberly Lopez,vcobb@example.com,9,33,7,231
797,2023-01-24 20:20:37.966376,Brittany Ortiz,ishelton@example.com,16,466,1,466
798,2023-01-08 19:24:37.456992,Martha Freeman,victoria63@example.net,3,438,3,1314
799,2023-01-22 20:39:13.006489,John Waller,justinwillis@example.com,5,398,7,2786
800,2023-01-27 23:51:34.343921,Mary Murray,rachel19@example.com,1,44,2,88
801,2023-01-29 01:17:13.279198,Dana Weaver,carltaylor@example.com,8,272,2,544
802,2023-01-14 20:19:50.896782,Jonathan Tyler,pvasquez@example.org,16,466,4,1864
803,2023-01-13 00:12:24.200935,Antonio Lynn,hickspatrick@example.org,12,95,2,190
